{
  "n_rows": 3450,
  "parse_ok_rate": 0.7863768115942029,
  "correct_rate": 0.6089855072463768,
  "correct_recheck_rate": 0.6089855072463768,
  "error_rate": 0.1055072463768116,
  "latency_seconds": {
    "count": 3450,
    "mean": 33.37507,
    "median": 25.358798,
    "p95": 95.560088,
    "min": 2.484502,
    "max": 309.53148
  },
  "step_count_stats": {
    "count": 3450,
    "mean": 2.701159,
    "median": 3.0,
    "p95": 6.0,
    "min": 0.0,
    "max": 10.0
  },
  "by_model": {
    "openai/gpt-5-codex": {
      "n": 690,
      "parse_ok": 495,
      "correct": 492,
      "correct_recheck": 492,
      "errors": 170,
      "parse_ok_rate": 0.717391304347826,
      "correct_rate": 0.7130434782608696,
      "correct_recheck_rate": 0.7130434782608696,
      "error_rate": 0.2463768115942029,
      "latency_seconds": {
        "count": 690,
        "mean": 19.38207,
        "median": 14.375896,
        "p95": 38.929696,
        "min": 2.484502,
        "max": 46.223069
      },
      "step_count_stats": {
        "count": 690,
        "mean": 1.714493,
        "median": 2.0,
        "p95": 3.0,
        "min": 0.0,
        "max": 4.0
      }
    },
    "anthropic/claude-opus-4.5": {
      "n": 690,
      "parse_ok": 690,
      "correct": 556,
      "correct_recheck": 556,
      "errors": 0,
      "parse_ok_rate": 1.0,
      "correct_rate": 0.8057971014492754,
      "correct_recheck_rate": 0.8057971014492754,
      "error_rate": 0.0,
      "latency_seconds": {
        "count": 690,
        "mean": 13.30801,
        "median": 10.421969,
        "p95": 27.327484,
        "min": 4.200453,
        "max": 42.105398
      },
      "step_count_stats": {
        "count": 690,
        "mean": 4.875362,
        "median": 4.0,
        "p95": 8.0,
        "min": 2.0,
        "max": 10.0
      }
    },
    "google/gemini-3-pro-preview": {
      "n": 690,
      "parse_ok": 344,
      "correct": 344,
      "correct_recheck": 344,
      "errors": 0,
      "parse_ok_rate": 0.4985507246376812,
      "correct_rate": 0.4985507246376812,
      "correct_recheck_rate": 0.4985507246376812,
      "error_rate": 0.0,
      "latency_seconds": {
        "count": 690,
        "mean": 32.429108,
        "median": 34.672293,
        "p95": 46.303385,
        "min": 9.53629,
        "max": 130.862054
      },
      "step_count_stats": {
        "count": 690,
        "mean": 1.728986,
        "median": 0.0,
        "p95": 4.0,
        "min": 0.0,
        "max": 8.0
      }
    },
    "openai/gpt-5": {
      "n": 690,
      "parse_ok": 496,
      "correct": 495,
      "correct_recheck": 495,
      "errors": 194,
      "parse_ok_rate": 0.7188405797101449,
      "correct_rate": 0.717391304347826,
      "correct_recheck_rate": 0.717391304347826,
      "error_rate": 0.2811594202898551,
      "latency_seconds": {
        "count": 690,
        "mean": 42.102671,
        "median": 34.553979,
        "p95": 90.681141,
        "min": 6.438345,
        "max": 121.226243
      },
      "step_count_stats": {
        "count": 690,
        "mean": 1.998551,
        "median": 2.0,
        "p95": 4.0,
        "min": 0.0,
        "max": 6.0
      }
    },
    "x-ai/grok-4-fast": {
      "n": 690,
      "parse_ok": 688,
      "correct": 214,
      "correct_recheck": 214,
      "errors": 0,
      "parse_ok_rate": 0.9971014492753624,
      "correct_rate": 0.3101449275362319,
      "correct_recheck_rate": 0.3101449275362319,
      "error_rate": 0.0,
      "latency_seconds": {
        "count": 690,
        "mean": 59.653488,
        "median": 47.08201,
        "p95": 154.880455,
        "min": 2.823494,
        "max": 309.53148
      },
      "step_count_stats": {
        "count": 690,
        "mean": 3.188406,
        "median": 3.0,
        "p95": 5.0,
        "min": 0.0,
        "max": 7.0
      }
    }
  },
  "by_year": {
    "2022": {
      "n": 690,
      "parse_ok": 542,
      "correct": 417,
      "correct_recheck": 417,
      "errors": 69,
      "parse_ok_rate": 0.7855072463768116,
      "correct_rate": 0.6043478260869565,
      "correct_recheck_rate": 0.6043478260869565,
      "error_rate": 0.1,
      "latency_seconds": {
        "count": 690,
        "mean": 34.511664,
        "median": 26.580345,
        "p95": 95.552317,
        "min": 2.857079,
        "max": 276.55117
      },
      "step_count_stats": {
        "count": 690,
        "mean": 2.742029,
        "median": 3.0,
        "p95": 7.0,
        "min": 0.0,
        "max": 10.0
      }
    },
    "2023": {
      "n": 690,
      "parse_ok": 537,
      "correct": 399,
      "correct_recheck": 399,
      "errors": 79,
      "parse_ok_rate": 0.7782608695652173,
      "correct_rate": 0.5782608695652174,
      "correct_recheck_rate": 0.5782608695652174,
      "error_rate": 0.1144927536231884,
      "latency_seconds": {
        "count": 690,
        "mean": 32.884249,
        "median": 25.021805,
        "p95": 93.36353,
        "min": 3.146121,
        "max": 222.696424
      },
      "step_count_stats": {
        "count": 690,
        "mean": 2.727536,
        "median": 3.0,
        "p95": 6.0,
        "min": 0.0,
        "max": 10.0
      }
    },
    "2024": {
      "n": 690,
      "parse_ok": 535,
      "correct": 414,
      "correct_recheck": 414,
      "errors": 74,
      "parse_ok_rate": 0.7753623188405797,
      "correct_rate": 0.6,
      "correct_recheck_rate": 0.6,
      "error_rate": 0.1072463768115942,
      "latency_seconds": {
        "count": 690,
        "mean": 34.199307,
        "median": 26.085919,
        "p95": 102.893023,
        "min": 2.484502,
        "max": 222.076771
      },
      "step_count_stats": {
        "count": 690,
        "mean": 2.646377,
        "median": 3.0,
        "p95": 6.0,
        "min": 0.0,
        "max": 9.0
      }
    },
    "2025": {
      "n": 690,
      "parse_ok": 547,
      "correct": 436,
      "correct_recheck": 436,
      "errors": 70,
      "parse_ok_rate": 0.7927536231884058,
      "correct_rate": 0.6318840579710145,
      "correct_recheck_rate": 0.6318840579710145,
      "error_rate": 0.10144927536231885,
      "latency_seconds": {
        "count": 690,
        "mean": 33.5191,
        "median": 25.276983,
        "p95": 98.721004,
        "min": 2.953692,
        "max": 254.183631
      },
      "step_count_stats": {
        "count": 690,
        "mean": 2.642029,
        "median": 3.0,
        "p95": 6.0,
        "min": 0.0,
        "max": 10.0
      }
    },
    "2026": {
      "n": 690,
      "parse_ok": 552,
      "correct": 435,
      "correct_recheck": 435,
      "errors": 72,
      "parse_ok_rate": 0.8,
      "correct_rate": 0.6304347826086957,
      "correct_recheck_rate": 0.6304347826086957,
      "error_rate": 0.10434782608695652,
      "latency_seconds": {
        "count": 690,
        "mean": 31.761029,
        "median": 23.735269,
        "p95": 85.224629,
        "min": 2.733352,
        "max": 309.53148
      },
      "step_count_stats": {
        "count": 690,
        "mean": 2.747826,
        "median": 3.0,
        "p95": 7.0,
        "min": 0.0,
        "max": 10.0
      }
    }
  },
  "meta": {
    "recorded_at_utc": "2026-02-22T17:05:25Z",
    "years": [
      "2022",
      "2023",
      "2024",
      "2025",
      "2026"
    ],
    "runs": 3,
    "concurrency": 16,
    "expected_calls_full": 3450,
    "pending_calls": 3450,
    "skipped_by_resume": 0,
    "success_calls_this_run": 3086,
    "error_calls_this_run": 364,
    "elapsed_seconds_this_run": 8772.497,
    "models": [
      {
        "modelId": "openai/gpt-5-codex",
        "displayName": "GPT-5-Codex"
      },
      {
        "modelId": "openai/gpt-5",
        "displayName": "GPT-5"
      },
      {
        "modelId": "anthropic/claude-opus-4.5",
        "displayName": "Claude Opus 4.5"
      },
      {
        "modelId": "google/gemini-3-pro-preview",
        "displayName": "Gemini 3 Pro"
      },
      {
        "modelId": "x-ai/grok-4-fast",
        "displayName": "Grok 4 Fast"
      }
    ],